{
    "Logistic Regression": {
        "Accuracy": 0.8703794972893051,
        "Precision": 0.8713732183625891,
        "Recall": 0.870527578614834,
        "F1 score": 0.8703212545735204
    },
    "KNN": {
        "Accuracy": 0.5029571217348447,
        "Precision": 0.5146090494855144,
        "Recall": 0.5001364864589947,
        "F1 score": 0.3368401598943091
    },
    "Decision Tree": {
        "Accuracy": 0.7487678659438147,
        "Precision": 0.7488739165776982,
        "Recall": 0.7486990365786748,
        "F1 score": 0.748700380355777
    },
    "Random Forest": {
        "Accuracy": 0.8480778708723509,
        "Precision": 0.8515504054885886,
        "Recall": 0.84779573609622,
        "F1 score": 0.8476238871660402
    },
    "SVM": {
        "Accuracy": 0.8888615081320848,
        "Precision": 0.8899180116571421,
        "Recall": 0.8890115799423508,
        "F1 score": 0.8888104013446096
    }
}