{
    "Logistic Regression": {
        "Accuracy": 0.8646653543307087,
        "Precision": 0.8660270077964429,
        "Recall": 0.8644631996370411,
        "F1 score": 0.8644880559183199
    },
    "KNN": {
        "Accuracy": 0.4972933070866142,
        "Precision": 0.5720191171031352,
        "Recall": 0.5006012884848395,
        "F1 score": 0.33450187063221243
    },
    "Decision Tree": {
        "Accuracy": 0.7515994094488189,
        "Precision": 0.751857392307478,
        "Recall": 0.7516971618008852,
        "F1 score": 0.7515759412128797
    },
    "Random Forest": {
        "Accuracy": 0.8512549212598425,
        "Precision": 0.8533175921949662,
        "Recall": 0.8515091126948617,
        "F1 score": 0.8510966402344791
    },
    "SVM": {
        "Accuracy": 0.8850885826771654,
        "Precision": 0.8867325865704486,
        "Recall": 0.884874250750831,
        "F1 score": 0.8849211842466601
    }
}